country,season,year,source,licence,peak_gw,weekdays_used,method,h00,h01,h02,h03,h04,h05,h06,h07,h08,h09,h10,h11,h12,h13,h14,h15,h16,h17,h18,h19,h20,h21,h22,h23
Germany,annual,2025,"SMARD (Bundesnetzagentur), grid load",CC-BY 4.0,63.43,254,Mon-Fri excluding national public holidays; mean by local hour; normalised to peak hour,0.73,0.705,0.693,0.695,0.714,0.767,0.875,0.953,0.994,1.0,1.0,0.998,0.984,0.966,0.947,0.939,0.941,0.964,0.975,0.966,0.93,0.885,0.834,0.78
Germany,winter,2025,"SMARD (Bundesnetzagentur), grid load",CC-BY 4.0,68.73,65,Mon-Fri excluding national public holidays; mean by local hour; normalised to peak hour,0.739,0.718,0.708,0.711,0.727,0.772,0.869,0.947,0.985,0.992,0.996,0.996,0.988,0.974,0.959,0.954,0.965,0.996,1.0,0.977,0.928,0.881,0.837,0.787
Germany,summer,2025,"SMARD (Bundesnetzagentur), grid load",CC-BY 4.0,58.47,64,Mon-Fri excluding national public holidays; mean by local hour; normalised to peak hour,0.737,0.71,0.694,0.692,0.707,0.757,0.863,0.944,0.992,1.0,1.0,1.0,0.986,0.967,0.948,0.939,0.933,0.945,0.955,0.951,0.926,0.892,0.845,0.789
Austria,annual,2025,"SMARD (Bundesnetzagentur), grid load",CC-BY 4.0,8.23,252,Mon-Fri excluding national public holidays; mean by local hour; normalised to peak hour,0.722,0.69,0.678,0.672,0.692,0.77,0.898,0.976,1.0,0.987,0.974,0.957,0.928,0.916,0.905,0.913,0.932,0.959,0.969,0.952,0.91,0.852,0.817,0.762
Austria,winter,2025,"SMARD (Bundesnetzagentur), grid load",CC-BY 4.0,9.47,63,Mon-Fri excluding national public holidays; mean by local hour; normalised to peak hour,0.713,0.687,0.676,0.67,0.689,0.759,0.875,0.967,1.0,0.991,0.974,0.953,0.928,0.918,0.913,0.93,0.955,0.981,0.972,0.934,0.878,0.819,0.795,0.748
Austria,summer,2025,"SMARD (Bundesnetzagentur), grid load",CC-BY 4.0,7.21,62,Mon-Fri excluding national public holidays; mean by local hour; normalised to peak hour,0.745,0.707,0.691,0.68,0.697,0.768,0.889,0.965,1.0,0.998,0.988,0.975,0.942,0.928,0.915,0.919,0.935,0.955,0.97,0.968,0.943,0.899,0.855,0.79
Luxembourg,annual,2025,"SMARD (Bundesnetzagentur), grid load",CC-BY 4.0,0.68,253,Mon-Fri excluding national public holidays; mean by local hour; normalised to peak hour,0.715,0.682,0.665,0.66,0.672,0.714,0.815,0.907,0.963,0.987,0.995,1.0,0.988,0.968,0.947,0.928,0.922,0.939,0.958,0.948,0.908,0.858,0.82,0.77
Luxembourg,winter,2025,"SMARD (Bundesnetzagentur), grid load",CC-BY 4.0,0.73,65,Mon-Fri excluding national public holidays; mean by local hour; normalised to peak hour,0.717,0.684,0.664,0.659,0.668,0.71,0.81,0.913,0.972,0.992,0.998,1.0,0.986,0.965,0.944,0.929,0.933,0.967,0.989,0.965,0.91,0.85,0.818,0.771
Luxembourg,summer,2025,"SMARD (Bundesnetzagentur), grid load",CC-BY 4.0,0.63,62,Mon-Fri excluding national public holidays; mean by local hour; normalised to peak hour,0.719,0.687,0.669,0.663,0.674,0.711,0.796,0.876,0.937,0.97,0.988,1.0,0.994,0.98,0.961,0.942,0.926,0.925,0.932,0.919,0.888,0.858,0.822,0.773
United States,annual,2025,"EIA-930, sum of balancing-authority adjusted demand (Lower 48), Eastern time",Public domain,556.92,249,Mon-Fri excluding national public holidays; mean by local hour; normalised to peak hour,0.843,0.81,0.785,0.77,0.766,0.779,0.812,0.847,0.869,0.885,0.901,0.917,0.933,0.948,0.96,0.97,0.982,0.995,1.0,0.996,0.984,0.962,0.927,0.885
United States,winter,2025,"EIA-930, sum of balancing-authority adjusted demand (Lower 48), Eastern time",Public domain,543.46,62,Mon-Fri excluding national public holidays; mean by local hour; normalised to peak hour,0.9,0.88,0.868,0.863,0.87,0.892,0.937,0.981,1.0,0.998,0.987,0.974,0.961,0.949,0.94,0.937,0.944,0.966,0.987,0.997,0.995,0.981,0.956,0.926
United States,summer,2025,"EIA-930, sum of balancing-authority adjusted demand (Lower 48), Eastern time",Public domain,671.46,62,Mon-Fri excluding national public holidays; mean by local hour; normalised to peak hour,0.791,0.749,0.715,0.69,0.678,0.68,0.695,0.717,0.744,0.778,0.817,0.86,0.901,0.936,0.962,0.98,0.993,1.0,0.996,0.981,0.959,0.931,0.89,0.841
United Kingdom,annual,2025,"NESO Data Portal, national demand (ND), GB",NESO Open Data Licence,32.86,253,Mon-Fri excluding national public holidays; mean by local hour; normalised to peak hour,0.702,0.688,0.666,0.644,0.632,0.653,0.753,0.864,0.909,0.904,0.873,0.851,0.845,0.834,0.831,0.852,0.911,0.975,1.0,0.994,0.958,0.897,0.816,0.735
United Kingdom,winter,2025,"NESO Data Portal, national demand (ND), GB",NESO Open Data Licence,40.45,63,Mon-Fri excluding national public holidays; mean by local hour; normalised to peak hour,0.648,0.639,0.615,0.594,0.58,0.602,0.705,0.825,0.89,0.913,0.902,0.89,0.888,0.885,0.886,0.91,0.962,1.0,0.992,0.956,0.897,0.82,0.736,0.664
United Kingdom,summer,2025,"NESO Data Portal, national demand (ND), GB",NESO Open Data Licence,27.35,64,Mon-Fri excluding national public holidays; mean by local hour; normalised to peak hour,0.772,0.747,0.723,0.699,0.685,0.694,0.775,0.868,0.906,0.891,0.856,0.833,0.823,0.805,0.793,0.804,0.853,0.929,0.977,1.0,0.994,0.972,0.913,0.826
New Zealand,annual,2025-09 to 2026-08,"Electricity Authority EMI, demand trends by trading period",CC-BY 4.0,5.7,250,Mon-Fri excluding national public holidays; mean by local hour; normalised to peak hour,0.708,0.672,0.654,0.646,0.66,0.726,0.856,0.977,1.0,0.979,0.959,0.943,0.929,0.916,0.911,0.917,0.941,0.982,0.999,0.976,0.946,0.921,0.845,0.78
New Zealand,winter,2025-09 to 2026-08,"Electricity Authority EMI, demand trends by trading period",CC-BY 4.0,6.46,64,Mon-Fri excluding national public holidays; mean by local hour; normalised to peak hour,0.669,0.634,0.618,0.612,0.625,0.689,0.832,0.965,0.988,0.954,0.915,0.886,0.861,0.841,0.826,0.833,0.879,0.963,1.0,0.974,0.933,0.9,0.815,0.744
New Zealand,summer,2025-09 to 2026-08,"Electricity Authority EMI, demand trends by trading period",CC-BY 4.0,5.19,60,Mon-Fri excluding national public holidays; mean by local hour; normalised to peak hour,0.737,0.7,0.68,0.669,0.679,0.74,0.841,0.942,0.978,0.986,0.99,0.993,0.99,0.985,0.989,0.995,0.999,1.0,0.985,0.957,0.935,0.93,0.866,0.807
Taiwan,annual,2021,"Taipower 10-minute load by area, four areas summed",check,32.66,248,Mon-Fri excluding national public holidays; mean by local hour; normalised to peak hour,0.796,0.766,0.745,0.73,0.722,0.724,0.743,0.783,0.894,0.949,0.972,0.991,0.948,0.988,1.0,0.998,0.998,0.979,0.981,0.971,0.951,0.924,0.89,0.855
Taiwan,winter,2021,"Taipower 10-minute load by area, four areas summed",check,29.42,58,Mon-Fri excluding national public holidays; mean by local hour; normalised to peak hour,0.799,0.766,0.746,0.734,0.731,0.742,0.774,0.811,0.899,0.937,0.952,0.961,0.902,0.945,0.962,0.97,0.984,0.989,1.0,0.985,0.967,0.943,0.906,0.864
Taiwan,summer,2021,"Taipower 10-minute load by area, four areas summed",check,36.31,65,Mon-Fri excluding national public holidays; mean by local hour; normalised to peak hour,0.787,0.757,0.734,0.716,0.705,0.698,0.706,0.747,0.869,0.934,0.96,0.985,0.958,0.993,1.0,0.993,0.985,0.951,0.946,0.943,0.923,0.896,0.868,0.839
Nigeria,annual,2016,"Mendeley Data, reconstructed national unsuppressed demand (no outages)",CC-BY 4.0,6.23,249,Mon-Fri excluding national public holidays; mean by local hour; normalised to peak hour,0.781,0.767,0.763,0.776,0.813,0.892,0.941,0.937,0.918,0.892,0.871,0.867,0.872,0.874,0.891,0.905,0.921,0.944,1.0,0.998,0.996,0.947,0.895,0.822
Nigeria,winter,2016,"Mendeley Data, reconstructed national unsuppressed demand (no outages)",CC-BY 4.0,6.59,61,Mon-Fri excluding national public holidays; mean by local hour; normalised to peak hour,0.776,0.762,0.764,0.777,0.812,0.882,0.923,0.919,0.91,0.889,0.861,0.863,0.867,0.864,0.884,0.894,0.908,0.919,0.962,0.973,1.0,0.953,0.906,0.84
Nigeria,summer,2016,"Mendeley Data, reconstructed national unsuppressed demand (no outages)",CC-BY 4.0,6.3,64,Mon-Fri excluding national public holidays; mean by local hour; normalised to peak hour,0.746,0.732,0.732,0.748,0.787,0.856,0.919,0.918,0.896,0.877,0.842,0.842,0.845,0.841,0.872,0.882,0.896,0.925,0.963,1.0,1.0,0.944,0.871,0.784
